id;text;label
1;В Україну повернули 1000 тіл українських військовослужбовців;neg
2;В Україну повернули 1000 тіл загиблих захисників;neg
3;В Україну повернули 1000 тіл полеглих - координаційний штаб;neg
4;Обстріл АЗС у Полтавській громаді: п’ятеро постраждалих і збір допомоги для лікарів;neg
5;Поліція та СБУ документують наслідки чергового воєнного злочину росіян на Полтавщині - Євген Рогачов;neg
6;Росія атакувала Полтавщину «Шахедами»: військові фіксували дві хвилі дронів;neg
7;На Полтавщині внаслідок обстрілу дронами АЗС постраждали п’ятеро людей — поліція;neg
8;Нічна атака РФ по залізниці на Полтавщині: прокурори та слідчі розслідують воєнний злочин;neg
9;Ввечері 17 вересня росіяни вдарили по АЗС під Полтавою. Зайнялася масштабна пожежа;neg
10;Росіяни атакували залізничну інфраструктуру на Полтавщині. Є постраждалий;neg
11;Пожежі і постраждалий: Росія вдарила по залізничній інфраструктурі Полтавщини;neg
12;Вибухи в Миргородському районі: пошкоджена залізнична інфраструктура, є поранений;neg
13;У Павлограді на Дніпропетровщині пролунали вибухи;neg
14;Росіяни створили нову зброю для протидії українським безпілотникам, - ЗМІ;neg
15;Наступ на Куп'янськ очолює колишній український офіцер - BBC;neg
16;Ворог атакував Павлоград і Нікопольщину безпілотниками та артилерією, виникли пожежі;neg
17;Росіяни обстріляли 27 населених пунктів Херсонщини: є поранений;neg
18;Російські війська за добу вбили п'ять і поранили одну людину у Донецькій області;neg
19;На фронті загинув 30-річний солдат з Хмельниччини;neg
20;Росіяни за добу вбили у Костянтинівці 5 цивільних;neg
21;Нова база для запуску шахедів з'явилася біля кордону України: ворог збудував її протягом літа;neg
22;Російські військові атакували з дрона чоловіка на Запоріжжі;neg
23;Правозахисник і військовий із Маріуполя Олександр Гатіятуллін загинув на фронті;neg
24;Росіяни вивезли 90 школярів із Луганська для присяги «Юнармії»;neg
25;Заправка у Полтавському районі, в яку влучив БпЛА, обрушилась;neg
26;На фронті обірвалося життя захисника з Кролевеччини Анатолія Дерискиби;neg
27;У бою за Україну загинув поліцейський із Уманщини;neg
28;На Херсонщині п’ятеро поліцейських постраждали від атак дронів РФ;neg
29;На Херсонщині окупанти атакували житлові квартали, критичну та соціальну інфраструктуру;neg
30;У лікарні Запоріжжя після поранення помер воїн з Кременеччини;neg
31;На війні загинув захисник з Коломийщини Михайло Романюк;neg
32;Росіяни здійснили 68 атак по Сумщині, під вогнем опинилися 29 населених пунктів;neg
33;"Бучанський кат Омурбеков став генерал-майором і їздив для ""обміну досвідом"" у Китай";neg
34;Росіяни обстріляли фермерське господарство на Чернігівщині;neg
35;На Херсонщині війська рф пошкодили десятки будинків, є поранені;neg
36;Постраждалі, масштабні пожежі, затримки поїздів: окупанти знову атакували низку регіонів України;neg
37;Двоє людей загинули та 11 поранені внаслідок обстрілів Донеччини 17 вересня;neg
38;Ворог минулої доби обстріляв Сумщину 68 разів, є руйнування цивільних об’єктів у двох громадах;neg
39;Війна обірвала життя двох захисників з Хмельниччини;neg
40;У Данії бобер на чотири дні зупинив залізничне сполучення між двома містами;neg
41;Трамп у Британії неодноразово порушив королівський етикет;neg
42;Люди діляться покупками з інтернету - і це зовсім не те, що було на фото продавця;neg
43;Програма “Єднаймося для України” призупинена: що чекає на українців у США;neg
44;Переробники соняшнику на півдні та сході України зіткнуться з жорсткішою конкуренцією за сировину – АПК-Інформ;neg
45;Свинина в Україні за рік зросла в ціні майже на 37%;neg
46;Атака на залізницю: пасажирські потяги затримуються до 3 годин;neg
47;Експорт зернових залізницею у вересні впав майже на п’яту частину;neg
48;Сало в серпні підскочило в ціні на 5,9%;neg
49;За три роки війни з Сумщини виїхали або припинили діяльність майже 600 підприємств;neg
50;Глобальний борг перевищує 235% світового ВВП: приватні кредити скорочуються, а державні зростають – МВФ;neg
51;Збитки від агресії РФ в Україні становлять 589 мільярдів доларів — Гетьманцев;neg
52;На експорт залізницею у вересні відправили на 19% менше зерна;neg
53;Фермери ризикують життям. Ворог цілеспрямовано б’є по аграрній інфраструктурі – ВАР;neg
54;Атака РФ зірвала рух поїздів: рейси до Запоріжжя тимчасово змінено;neg
55;В Одесі тимчасово не працюють світлофори на трьох перехрестях;neg
56;Масове відключення світла в Одесі — адреси;neg
57;ДСНС: за добу на Одещині сталось 18 пожеж;neg
58;Зниклий у морі підліток: пошуки поблизу Одеси продовжуються;neg
59;На Одещині не пустили процесію з тілом загиблого воїна до місцевого храму;neg
60;44-річний захисник з Одеської області Сергій Верьовка поліг у бою на фронті – фото;neg
61;Трагедія в Ізмаїлі: нетверезий водій травмував двох пішоходів – подробиці події;neg
62;На Одещині військовий побив дружину;neg
63;В Одесі компанія безплатно користувалася складами у порту;neg
64;На Одещині жінка побила малолітню дівчинку на очах у дітей;neg
65;В ліцеї міста Південне 11 дітей постраждали від розпилення сльозогінного газу;neg
66;В Одесі поранили співробітника ТЦ;neg
67;Відключення води в Одесі — адреси бюветів;neg
68;В Ізмаїлі п’яний водій збив двох пішоходів;neg
69;У центрі Одеси дерево перегородило вулицю: рух обмежено;neg
70;Сьогодні в Ізмаїлі відключать воду: причина та термін обмеження;neg
71;Суд відпустив ексзаступника директора Одеського порту;neg
72;Трамп призупинив допомогу Тайваню через угоду, що планується, з Китаєм;neg
73;У Польщі біля Любліна знайшли ймовірні уламки ракети після російської атаки;neg
74;У Чехії пенсіонерка, ставши жертвою шахраїв, сама почала обманювати знайомих;neg
75;Росія облаштувала майданчик для запуску дронів біля кордону з Україною;neg
76;Президент та уряд одностайні: допомога українцям у Польщі повинна бути поступово скасована;neg
77;Індія продовжить закуповувати російську нафту попри вимоги Трампа, - Bloomberg;neg
78;США розгорнули ракетну систему Typhon в Японії на тлі напруженості у відносинах з Китаєм (ВІДЕО);neg
79;Трамп пропонує забирати ліцензії у каналів, які його критикують;neg
80;Репресії проти уйгурів у Китаї: примусові стерилізації, тортури і пропаганда (свідчення);neg
81;США наклали вето на резолюцію ООН щодо припинення вогню в Газі;neg
82;Суд виніс вирок львівʼянину, який змусив доньку з інвалідністю вийти заміж за ухилянта;neg
83;"Житель Полтавщини ""замінував"" Офіс Президента через звільнення з роботи";neg
84;У Щирці на Львівщині водій збив пішохода, що лежав на дорозі;neg
85;У Дніпрі чиновниця міськради вкрала на завищенні цін на світло для шкіл і садочків 7,5 мільйонів;neg
86;Вогонь повністю знищив авто у Заліщицькій громаді;neg
87;"У Києві чоловік ""поховав"" матір, аби виманити 160 тисяч у співмешканки";neg
88;Блогера з Львівщини підозрюють у держзраді: поширював проросійську пропаганду з-за кордону;neg
89;У Виноградові жінка, яка насмерть збила велосипедиста, уникла в’язниці: суд дав умовний термін;neg
90;На Павлоградщині підприємство отруювало повітря — прокуратура;neg
91;На Куп’янському напрямку обстановка залишається складною, бойові дії динамічні - 10-й армійський корпус;neg
92;На Харківщині минулої доби під російськими ударами перебували сім населених пунктів, є постраждалий;neg
93;За добу росія обстріляла Харківщину КАБами і БпЛА: є постраждалий;neg
94;Окупанти обстріляли АЗС, будинок культури і фермерське господарство у Харківській області;neg
95;Російські загарбники поновили наступ на прикордонні Харківщини: в якому напрямку (мапа);neg
96;Куп’янськ зруйновано на 95%: начальник МВА розповів про ситуацію та евакуацію цивільних;neg
97;У Харкові жінку вбив її коханий ножем;neg
98;Триває ліквідація ДРГ, ситуація критична, – МВА про Куп'янськ;neg
99;Через обстріл залізниці другу добу затримуються харківські потяги;neg
100;Масові фатальні аварії в Ізмаїлі – безкарність, зумовлена діями суддів;neg
101;На Харківщині агент рф «втирався» в довіру до військових: йому загрожує довічне;neg
102;Окупанти захопили нові ділянки на Куп’янському напрямку, – DeepState;neg
103;На трасі під Чугуєвом сталася смертельна ДТП: водій вантажівки втік;neg
104;Росіяни мінують Козачу Лопань «Пелюстками», евакуація звідти вже неможлива: що відбувається в громаді;neg
105;У Харкові чоловік, який знущався зі своєї 88-річної матері – під підозрою;neg
106;У передмісті Харкова росіяни вбили людину;neg
107;Дитина як товар та імітація розстрілу: У Харкові слухають справу окупанта Шафікова за обвинуваченням у воєнних злочинах;neg
108;Трагічна втрата для Харківщини: загинув майор Іван Германовський;neg
109;Пробивають колеса та нецензурно ображають українців: Бужинська назвала курортну країну, де панують проросійські настрої і заздрять біженцям;neg
110;MELOVIN, який загримів у психіатричну клініку після служби в ДПСУ, зібрався виступити в Польщі;neg
111;"Jerry Heil різко нарвалася на хейт через необачне висловлювання: ""Закрийте рану купюрою""";neg
112;У машині зареєстрованій на виконавця D4vd знайшли тіло 15-річної дівчини;neg
113;Скандал у Франції: учасника Євробачення-2024 визнали винним у домаганнях;neg
114;Шоу Джиммі Кіммела зняли з ефіру після коментарів про вбивство Чарлі Кірка;neg
115;Kyivstar з 24 вересня знову піднімає тарифи: що чекає абонентів;neg
116;Передбачене тюремне ув'язнення: перша країна ЄС ухвалила комплексний закон, що регулює використання ШІ;neg
117;РФ використовує зброю, зроблену в нацистській Німеччині;neg
118;Новий вид шахрайства: голосові повідомлення зловмисників обманюють навіть досвідчених;neg
119;Steam перестане працювати на старих версіях Windows: названо дату;neg
120;Хакери маскують віруси під повідомлення від Meta;neg
121;Apple офіційно попередила про баги в новій операційній системі: вони впливають на батарею;neg
122;Історія Богдана Петраківського із Житомирщини: мріяв навчати дітей, але став сапером і загинув на війні;neg
123;У Бердичеві мешканці житлового будинку залишаються без води вже чотири дні;neg
124;На війні загинув мешканець Овруцької громади;neg
125;Житомирщина продовжує втрачати Героїв;neg
126;Газові служби попереджають: несправні димоходи — пряма загроза життю в опалювальний сезон;neg
127;У Житомирі дівчина втратила 6 тисяч гривень через фейкове оголошення про оренду квартири;neg
128;Бердичівляни скаржаться на постійні пробки на вулиці Чуднівській;neg
129;У Житомирі післязавтра подорожчає проїзд у громадському транспорті: чому без громадських слухань та куди підуть гроші;neg
130;Завтра на Житомирщині прощатимуться з Героєм;neg
131;18 вересня у Житомирі тимчасово призупинять водопостачання за кількома адресами;neg
132;У Бердичеві чотирьох дітей вилучили з родини через загрозливі умови проживання;neg
133;Найгірші ранкові звички, які прискорюють старіння вашої шкіри день за днем;neg
134;Невидимі вороги: 5 щоденних звичок, які шкодять здоров’ю;neg
135;Фастфуд може погіршити памʼять усього за 4 дні – дослідження;neg
136;Магнітні бурі у п'ятницю: який прогноз на 19 вересня;neg
137;"Завдали шкоди на понад три тисячі гривень: двоє прикарпатців проїхали 
вантажівками через річку Чорний Черемош.";neg
138;"Заплатила за неіснуюче авто: на Прикарпатті шахрай ""заробив"" на жінці майже 100 тисяч";neg
139;На Рожнятівщині водій «ВАЗу» збив двох пішоходів: вони у лікарні;neg
140;Підтвердили загибель бійця з Франківщини, який майже рік вважався безвісти зниклим;neg
141;Скандал у Кубку України: УАФ розслідує матч через аномальний рух коефіцієнтів;neg
142;Схилимо голови. Могутній регбіст загинув на Харківщині разом з кумом;neg
143;Конфлікт Ярмоленка та Шовковського: чи міг лідер Динамо звільнити головного тренера команди;neg
144;Гравець Київ Кепіталз отримав дискваліфікацію від Латвійської федерації хокею;neg
145;Кількох гравців французького клубу пограбували злодії;neg
146;Ворскла не зуміла пробитися до жіночої Ліги чемпіонів;neg
147;Фенербахче розізлився на Моуріньо після переходу тренера в Бенфіку;neg
148;У рейтингу ФІФА вперше із грудня 2023-го змінився лідер, Україна погіршила позицію;neg
149;Тренер Челсі обурений суддівством в програному матчі з Баварією;neg
150;"Харківський ""Металіст"" вилетів із Кубка України: деталі";neg
151;Триразову чемпіонку Австрії збила на смерть вантажівка;neg
152;"Понад 130 малих аптек закрилося в Україні через заборону маркетингових послуг — дані ""МОРІОН""";neg
153;Заборона маркетингу призвела до зворотнього ефекту: ціни на ліки зросли.;neg
154;На Кіровоградщині чоловік незаконно наловив риби на понад 300 тисяч гривень;neg
155;На війні загинув захисник з Кіровоградщини Олександр Скромний;neg
156;У Кропивницькому попрощались із військовими загиблими на війні;neg
157;Чотири громади Кіровоградщини втратили на жорстокій війні відважних захисників;neg
158;Постачання неякісного вугілля: на Кіровоградщині директора підприємства підозрюють у легалізації грошей;neg
159;На Луганщині загинув військовий з Олександрійської громади;neg
160;Понад рік вважали зниклим безвісти: на Кіровоградщині попрощалися з Олександром Кришаном;neg
161;Дні жалоби: чотири громади Кіровоградщини повідомили про загибель захисників;neg
162;У Кропивницькому біля Критого ринку сталася аварія;neg
163;Загиблого військового поховали в Приютівській громаді;neg
164;На перехресті у Кропивницькому сталася ДТП;neg
165;Кліщів із хворобою Лайма на Кіровоградщині стало майже в півтора раза більше;neg
166;"""Чорних лісорубів"" з Кіровоградщини затримали на місці скоєння злочину";neg
167;Представники омбудсмана знайшли порушення в облаштуванні Новоархангельського суду;neg
168;Вибуховою хвилею пошкоджено. вікна в лікарні на Кіровоградщині;neg
169;43-річного уродженця Львівщини підозрюють у держзраді та антиукраїнській пропаганді;neg
170;У Щирці на Львівщині водій збив пішохода, що лежав на дорозі;neg
171;Трагедія на Яворівщині: загинув водій скутера;neg
172;Почав їхати з немовлям на даху авто: у Львові судитимуть молодого батька;neg
173;Убивство Андрія Парубія: чи можуть обміняти підозрюваного;neg
174;На Львівщині чоловік застрелив сусіда з рушниці;neg
175;Львівщина попрощається з Героєм, який зник безвісти у лютому;neg
176;В селі Наварія горів будинок;neg
177;У Львові першокурсника ув’язнили на шість років за зберігання наркотиків;neg
178;У Дніпрі пішла з життя відома журналістка Ніна Нечипоренко;neg
179;У Кривому Розі небіж обікрав тітку;neg
180;Ворог здійснив масовану дронову атаку на Павлоград та обстріляв Нікопольський район з артилерії;neg
181;Син не обійме батька. На Дніпропетровщині в останню путь проведуть Валерія Кружилова;neg
182;Нічна атака на Дніпропетровщині: ворог бив по Павлограду та Нікопольщині;neg
183;Навчався у Дніпрі: у ДТП у США загинув відомий фотограф Ілля Ратман;neg
184;На Криворіжжі пожежа знищила дах будинку та майно всередині;neg
185;Навіки в строю: у Кривому Розі проведуть в останню путь полеглого захисника Олександра Герасімова;neg
186;У Дніпрі чиновниця міськради вкрала на завищенні цін на світло для шкіл і садочків 7,5 мільйонів;neg
187;Війна забирає кращих: у лікарні від поранень помер боєць з Дніпропетровської області Андрій Муковозов;neg
188;Захищаючи Україну загинув Павло Удовенко з Нікополя;neg
189;У Павлограді чоловік вдарив ножем у шию свого знайомого: слідчі завершили розслідування;neg
190;Через ворожу атаку у Павлограді поранено двох людей, — Зеленський;neg
191;Трамп вважає, що час для санкцій проти Росії ще не настав;neg
192;"Трамп ""дуже розчарований"", але хоче вірити, що російські дрони в Польщі були ""виведені з ладу""";neg
193;“Зайве і неправдиве”: у Польщі різко відреагували на слова Зеленського;neg
194;Трамп навмисно висунув Європі нереальні умови, щоб уникнути санкцій проти РФ, - WSJ;neg
195;«Головне після укладення миру на Україні - повне придушення щирих українців». Російські ЗМІ про Україну;neg
196;Не бачу кінця війні в Україні – генсек ООН;neg
197;"""Знести квартал – і все"": пропагандист Соловйов відкрито пригрозив західним політикам, які відвідують Київ.";neg
198;"""Зараз не час просити Путіна про припинення вогню"": Трамп назвав ""жорсткі заходи"", яких буде вживати проти РФ";neg
199;Трамп заявив, що зараз не час просити Путіна про припинення вогню;neg
200;Зараз не час просити Путіна про припинення вогню, - Трамп;neg
201;У Чернігові пролунав вибух на тлі повітряної тривоги;neg
202;Пожежі у різних регіонах України внаслідок обстрілу рф: куди поцілили;neg
203;Ворог просунувся біля Кіндрашівки, Степової Новосілки та Новоіванівки – Deep State;neg
204;Костянтинівка під щоденними ударами: понад 6 тисяч людей досі залишаються у місті;neg
205;На сайті Полтавської міськради переплутали вірші Шевченка з рядками Яна Таксюра;neg
206;Індія ризикує втратити $50 млрд експорту через небажання знижувати мита на американську агропродукцію;neg
207;Вбивця Кірка взяв ім'я Трампа для псевдоніма на ігровій платформі;neg
208;У Харкові біля газового балона на АЗС спалахнула автівка;neg
209;У Сумах внаслідок автопригоди травмувалися дві водійки;neg
210;Чоловік підпалив авто на Празькій у Києві заради помсти: йому загрожує до 10 років в’язниці;neg
211;Наступ на Куп'янськ очолює колишній український офіцер - BBC;neg
212;Пенсіонер, який хоче очолити відділ ДСНС на Харківщині, за рік придбав дві іномарки;neg
213;Особливості другої групи крові: ризики захворювань і поради для здоров’я;neg
214;Три напої, які призводять до плям на зубах;neg
215;Вчені назвали напій, що викликає рак грудей;neg
216;Названо звичку у житті, яка може підвищити ризик діабету;neg
217;Помилки, які знижують користь ранкової вівсянки, назвали дієтологи;neg
218;Імунітет слабшає від вживання певної їжі;neg
219;Гниють гарбузи на городі: основні причини та як боротися з проблемою;neg
220;Нове регулювання фармацевтичного ринку отримало підтримку лише двох виробників.;neg
221;Дієта не працює? Можливо це предіабет;neg
222;У заказнику в Новоукраїнському районі спиляли дуби на понад 100 тис. грн;neg
223;Еквівалент пляшки пива. Шимпанзе щоденно споживають солідну дозу алкоголю через гнилі фрукти;neg
224;У вересні неподалік від кордону України, що проходить Дунаєм, сталося одинадцять землетрусів;neg
225;Вчені NASA пояснили, чому докази існування життя на Марсі становлять загрозу для людства;neg
226;Мікропластик може сприяти розвитку хвороби Альцгеймера — дослідження;neg
227;На Фіджі зникає 79% ендемічних мурах — дослідження;neg
228;42-річному львів'янину виписали штраф за чіпляння до хлопчиків у маршрутці;neg
229;Суд виніс вирок львів’янину, який змусив доньку з інвалідністю вийти заміж за ухилянта;neg
230;У Львівському районі в озері виявили тіло чоловіка;neg
231;На кордоні з Польщею – черги з 115 авто та 17 автобусів;neg
232;Львівська політехніка фіксує відплив першокурсників за кордон;neg
233;На території Новояричівської громади виявили звалище сміття;neg
234;Заробляв на дезертирстві: у Дніпрі затримали екс-командира військової частини;neg
235;У Дніпрі ділки привласнювали нерухомість за підробленими документами;neg
236;Клієнтка втратила з кредитки 58 810 гривень, а ПриватБанк відмовляється повертати кошти - що вирішив суд;neg
237;Воєнні цілі Москви незмінні. Кремль штовхає Трампа до налагодження відносин з Росією без миру в Україні — ISW;neg
238;Кремль посилає небезпечні сигнали Україні: на Заході розкрили останні заяви Путіна і Герасимова;neg
239;"""Я розчарований"": Трамп зробив нову заяву про врегулювання війни в Україні";neg
240;Тиранія знову загрожує Європі: король Чарльз закликав підтримати Україну, Трамп відреагував;neg
241;Міністр оборони Польщі різко відповів Зеленському;neg
242;"""Не налаштований оптимістично"". Генсек ООН спрогнозував, скільки ще триватиме війна в Україні";neg
243;Трамп ухилився від питання щодо Patriot для України;neg
244;Трамп може зіштовхнути лоб до лоба ЄС і Китай через свої вимоги санкцій проти Росії — Le Monde;neg
245;Гібридна війна в Європі: Жирохов сказав, в яку країну може вторгнутися РФ;neg
246;Зеленський заявив, що під час масованого удару РФ Польща не зможе евакуювати людей;neg
247;Путін або знахабнів, або здурів, - Стармер;neg
248;Росія оскаржила в Суді ООН свою причетність до збиття рейсу MH17 у 2014 році;neg
249;Реклама тепер не тільки в телевізорі: Samsung здивував новим проєктом холодильників;neg
250;Чому iPhone може швидше розряджатися після оновлення iOS 26;neg
251;На житомирському ринку зросла вартість на соняшникову олію;neg
252;Зарості конопель та півкілограма канабісу виявили поліцейські у двох жителів Житомирської області;neg
253;Українські Карпати накрили морози: температура сягнула мінусового показника;neg
254;79 аварій скоїли неповнолітні водії від початку року на Франківщині;neg
255;На Куп’янському напрямку обстановка залишається складною, бойові дії динамічні - 10-й армійський корпус;neg
256;У низці областей оголошено повітряну тривогу через атаку шахедів;neg
257;Під час вистави акторка Івано-Франківського драмтеатру зробила зауваження глядачам: смішне відео;neg
258;Президент США не знає, чи було падіння дронів у Польщі випадковим;neg
259;Не всі придатні для використання: у Польщі перевіряють бомбосховища;neg
260;США не можуть створити нову важку балістичну ракету і можуть продовжити термін служби старої (ОНОВЛЕНО);neg
261;Клієнтка втратила з кредитки 58 810 гривень, а ПриватБанк відмовляється повертати кошти – що вирішив суд;neg
262;У харківському ліцеї пройшов мітинг-реквієм в пам’ять про загиблого бійця 5 Слобожанської бригади «Скіф» НГУ;neg
263;За витівки неповнолітнього «гонщика» з Харкова відповість його матуся;neg
264;Вчені назвали продукти, котрі викликають депресію та тривогу;neg
265;В Україні зменшилась кількість медичних сестер;neg
266;Помилки городників — які культури не варто садити поспіль;neg
267;2 гібриди томатів, які підкорили фермерів: ідеально круглі, м’ясисті, стійкі до непогоди. Насіння в дефіциті;neg
268;Конфлікт триває два роки: суд зобов'язав УПЦ МП звільнити ділянку у Приютівці;neg
269;У серпні посуха охопила понад половину Європи;neg
270;У центрі Львова виник скандал через туалети;neg
271;Водій Skoda Octavia проігнорував червоне світло у Львові;neg
272;З Дніпропетровщини у 2025 році “втекло” близько тисячі бізнесів;neg
273;Де у Дніпрі 19 вересня буде відсутнє світло: адреси;neg
274;У Дніпрі п’яний водій намагався втекти від поліції;neg
275;Індія продовжить закуповувати російську нафту попри вимоги Трампа, - Bloomberg;neg
276;Трамп заявив, що зараз не час просити Путіна про перемир’я: треба ще більше знижувати ціну на нафту;neg
277;Трамп знає, як зупинити війну в Україні — може допомогти Китай;neg
278;Китай міг би прискорити завершення війни в Україні, якби Європа діяла - Трамп;neg
279;Путін озвучив кількість російських солдат, які воюють в Україні;neg
280;Лавров заявив, що Росія готова піти на компроміси для завершення війни, але є умови;neg
281;Скільки російських військових перебувають на лінії бойового зіткнення: Путін назвав цифри;neg
282;Трамп знову заявив, що готовий піти на жорсткі заходи проти Росії, але тільки за однієї умови;neg
283;Король і Трамп за одним столом: що сказали про Україну;neu
284;Трамп у Лондоні: США та Британія заговорили про Україну;neu
285;Правоохоронці повідомили подробиці нічного обстрілу Полтавщини;neu
286;Антрополог розшифрував найзагадковіше послання майя;neu
287;Китайські науковці довели, що лід може стати невичерпним джерелом чистої енергії;neu
288;На шотландському острові знайшли забутий королівський замок;neu
289;Реклама тепер не тільки в телевізорі: Samsung здивував новим проєктом холодильників;neu
290;ШІ-моделі навчаються передбачати майбутнє: чи замінять вони експертів-аналітиків;neu
291;Топ-5 помилок при зарядці смартфона: як уникнути псування батареї;neu
292;Військові показали, як з висоти пташиного польоту виглядає Покровськ;neu
293;У Польщі знову знайшли уламки ракети;neu
294;У Польщі знайшли ймовірні уламки ракети: працює поліція;neu
295;Україна вразила понад 20 російських НПЗ — Кремль приховує масштаби втрат;neu
296;Вночі сили ППО на Дніпропетровщині збили 8 безпілотників: подробиці;neu
297;На Сумщині в полі впав ворожий безпілотник-імітатор;neu
298;Два “шахеди” було знищено в небі над Черкащиною;neu
299;У Польщі біля Любліна знайшли ймовірні уламки ракети після російської атаки;neu
300;В окупації посилено видають повістки: що відомо про незаконну мобілізацію;neu
301;Ворог атакує блокпости: поліція – про наслідки ударів по Херсонщині;neu
302;“Пора готуватися жити без води”: Маріуполь втрачає останнє джерело водопостачання;neu
303;"Росія ""чіплятиметься"" за Крим до останнього та посилює ППО більше, ніж захист власних НПЗ — ВМС ЗСУ";neu
304;Окупанти змінили порядок, за яким привласнюватимуть житло мешканців ТОТ;neu
305;Атака на залізницю: пасажирські потяги затримуються до 3 годин;neu
306;Дронові атаки з моря — як змінилася тактика росіян;neu
307;В НГУ пояснили, що робить Покровський напрямок таким важким для оборони;neu
308;Соловйов спалив «Рубикон»: як російська пропаганда розкрила секретну базу елітного підрозділу РФ;neu
309;У ВМС пояснили, чому окупанти прибрали кораблі з Чорного моря;neu
310;Командування ВДВ РФ жене операторів БПЛА за збитими дронами;neu
311;Загроза з неба: офіцер розповів, яке місто може стати ціллю FPV-дронів ворога;neu
312;Принцу Гаррі виповнилося 41 - хто привітав герцога Сассекського в соцмережах;neu
313;Ковбойський капелюх, піца та 300 шапок. Працівники Єллоустоуну показали незвичайні знахідки;neu
314;Морська видра відібрала дошки у серферів у Каліфорнії;neu
315;Найбезглуздіші помилки ШІ відзначатимуть новою премією Дарвіна: кого вже номінували 2025 року;neu
316;Спецпредставник США Келлог розповів, за що українці прозвали його Котом;neu
317;"У цій країні заборонили слова ""гамбургер"", ""караоке"" та ""морозиво"": у чому причина";neu
318;В Одесі терміново шукають донорів крові на 19 вересня;neu
319;В Одесі через ремонт спуску Блажко можуть коригувати маршрути трамваїв;neu
320;Кіберполіція Одещини застерігає громадян від інвестиційних пірамід;neu
321;Сьогодні на Одещині піротехніки проведуть підривні роботи;neu
322;Як проходить навчальний рік в Іспанії: дати навчання, канікул та вихідних у школах та вишах;neu
323;Дублінський аеропорт скасував обмеження на рідини в ручній поклажі;neu
324;Кім Чен Ин захотів розширити можливості військових дронів за допомогою ШІ;neu
325;Вертоліт, на борту якого перебував Трамп з дружиною, екстрено сів: подробиці;neu
326;Польща озвучила Мінську умови для відкриття кордону: Пекін пообіцяв поговорити з Лукашенком;neu
327;Третій світ чи new black світового бізнесу. Як і чому Індія стає новим центром світової економіки;neu
328;Де проводилися наймасштабніші військові навчання-2025;neu
329;Італійський порт заблокував в’їзд вантажівок, які могли перевозити зброю Ізраїлю;neu
330;На Буковині стався землетрус;neu
331;Поліція встановлює обставини смертельної ДТП на Кільцевій;neu
332;В Одесі судитимуть трьох чоловіків, які вимагали $20 тисяч надуманого «боргу» у місцевого;neu
333;"Хто встановив ""жучок"" у кабінеті Садового — версія СБУ";neu
334;Справа про вбивство одеського активіста Ганула: ключові етапи розслідування, – ФОТО;neu
335;В Одеській області військового покарали штрафом за замовлення наркотиків через пошту;neu
336;Генштаб повідомив актуальну ситуацію щодо штурмів навколо Купʼянська;neu
337;Діти, батьки і викладачі харківської спецшколи звернулись до Зеленського;neu
338;Стали відомі переможці кінофестивалю Svitlo;neu
339;Фанати переплутали Дженніфер Лопес з Гвен Стефані;neu
340;Марго Роббі вийшла у світ в маленькій чорній сукні;neu
341;HBO зніме продовження серіалу «Велика маленька брехня»;neu
342;На Львівщині відбудеться фестиваль лемківської пісні та кухні;neu
343;"Райан Гослінг і Флінн Грей на першому фото зі зйомок ""Зоряних війн 10""";neu
344;Адель готує першу автобиографію та розповість невідомі подробиці свого життя;neu
345;Власова вперше за довгий час виступила в Києві й зізналася, чи планує повертатися в шоубіз;neu
346;ОМКФ презентував нову статуетку Золотого Дюка;neu
347;Головні кінопрем’єри тижня;neu
348;Netflix розкрив деталі 2-го сезону One Piece: чого очікувати фанам;neu
349;З'явилися перші відеоогляди смартфонів iPhone 17 Pro та 17 Pro Max;neu
350;Релігійні чат-боти стають новими «духовними радниками»;neu
351;Українці в Кремнієвій долині об’єдналися у наукове і технологічне товариство;neu
352;Японська партія оголосила, що її лідером стане штучний інтелект;neu
353;Тарифи Vodafone чекає оновлення — що зміниться з 25 вересня;neu
354;Zoom представить фотореалістичні ШІ-аватари для відео зустрічей;neu
355;Спільнота закликала dYdX Foundation відновити міграційний міст через заблоковані токени на $25 млн;neu
356;Samsung оголосив бюджетні планшети з рекордною семирічною підтримкою: Усі деталі вкладки Galaxy A11;neu
357;OpenAI готує дитячу версію ChatGPT з батьківським контролем;neu
358;Рівень радіаційного фону по Житомиру та області;neu
359;В Коростені виявили і знешкодили вибухонебезпечні предмети часів Другої світової війни;neu
360;У Бердичеві з 20 вересня стартує набір води в систему центрального опалення;neu
361;У Житомирі відбудеться ІІІ Книжковий форум «Відсіч. Без бар’єрів – 2025»;neu
362;В Житомирі відбувся мистецький фестиваль “Зоряна Україна Олеся Бердника”. ФОТО;neu
363;У Житомирі робоча група перевірила стан ділянок безбар’єрного маршруту на вулиці Вітрука;neu
364;В Україні продають заводи з виробництва цегли потужністю 55 мільйонів штук на рік;neu
365;У Житомирі створять конкурсну комісію для формування наглядової ради Центру ПМСД;neu
366;Чому не можна розчісувати вологе волосся та що робити, якщо така необхідність виникла?;neu
367;ВЛК раз на рік: у ЗСУ пояснили, чи потрібне повторне проходження;neu
368;Магнітні бурі у п'ятницю: який прогноз на 19 вересня;neu
369;Чи можна пити зварену з вечора каву, розповіли експерти;neu
370;Як розпізнати діабет 2 типу: симптоми, які дають про себе знати щодня;neu
371;Які дерева та ягідні кущі потрібно садити в парі з сусідом-запилювачем;neu
372;Експерти розповіли, як доглядати за сидератами восени;neu
373;Навіщо восени під яблуню закопувати кілька цвяхів: хитрість, про яку мало хто знає;neu
374;Які широкозахватні комбіновані агрегати для обробітку ґрунту виготовляються в Україні;neu
375;Народні поради, щоб отримати ранній врожай кабачків;neu
376;Не перетворіть буряк на кормовий: як зберігати овоч для борщу;neu
377;Як правильно збирати та зберігати насіння чорнобривців: поради;neu
378;Як позбутися ведмедки — прості методи для саду й городу;neu
379;Навіщо восени закопувати чорнобривці в грунт: хитрість городників;neu
380;Господині розповіли, чим удобрити розсаду перцю, щоб була стійкою до захворювань;neu
381;Садівники розповіли, яке осіннє підживлення допоможе вишні пережити морози;neu
382;Експерти розповіли про обов'язкові осінні добрива для саду;neu
383;Що робити, якщо не цвітуть фіалки: квітникарські поради;neu
384;Городники розповіли, як доглядати за кабачками, щоб рясно родили;neu
385;При внесенні добрив треба враховувати гранулометричний склад ґрунту – експертка;neu
386;Як правильно доглядати за астильбою: секрети омолодження куща;neu
387;Що посадити в саду і на городі восени: список на вересень-жовтень;neu
388;Горщики для тепличної малини слід розмочувати три доби перед посадкою;neu
389;Як очистити ґрунт від дротяника та хруща — простий метод;neu
390;Способи боротьби зі слимаками і равликами для садівників;neu
391;Дачники розповіли, як швидко позбутися бур'янів між плитками садових доріжок;neu
392;Квітникарі розповіли, як правильно поливати орхідею, щоб не нашкодити рослині;neu
393;Які пільги мають діти прикарпатських військових у 2025 році та як їх оформити.;neu
394;Компанія з данськими інвестиціями купує агрофірму на Прикарпатті;neu
395;"Жінка за кермом – це про свободу: інтерв’ю з автоінструкторкою з Івано-Франківська 
Наталією Шевчук";neu
396;На Долинщині двоє сусідів ледь не побилися через бобрів;neu
397;У центрі Івано-Франківська продають особняк із сонячними панелями, садом і дубовими сходами за $2 мільйони.;neu
398;Франківщина посідає восьме місце в Україні за обсягами заготівлі деревини;neu
399;Двигун шахеда поповнив колекцію Болехівського музею;neu
400;Поліція Івано-Франківщини організувала гончарну арттерапію захисників;neu
401;На Прикарпатті оголосили тендер на реставрацію обсерваторії на горі Піп Іван;neu
402;У центрі Калуша навчали робити штучне дихання та накладати турнікет;neu
403;На Прикарпатті затримали «переправника» ухилянтів до Румунії;neu
404;У Франківську збирають книжки для військових;neu
405;Через нічні обстріли залізниці низка поїздів у напрямку Прикарпаття прямує із затримками;neu
406;На Івано-Франківщині тривають пошуки 64-річної жінки, яка пішла по гриби й не повернулася;neu
407;Прикарпатський ветеран увійшов до складу національної збірної України на Strong Spirit’s Games;neu
408;"Як відбуваються трансфери в Динамо?
Кравець розповів, як влаштований скаутинг у київському клубі";neu
409;Ліга чемпіонів 2025/26: результати матчів 18 вересня;neu
410;Моурінью пояснив, що означає для нього повернення в Бенфіку;neu
411;Ванат пояснив, що спонукало прийняти пропозицію Жирони;neu
412;Колишній півзахисник Динамо підписав контракт з кіпрським клубом;neu
413;Несподіваний перехід: ексгравець Динамо змінив клуб;neu
414;Де дивитися онлайн матч чемпіонату Англії Манчестер Юнайтед – Челсі;neu
415;Жирона офіційно представила Ваната: український нападник показав свою техніку з м’ячем;neu
416;Оновлений чат-бот «Фінансовий рестарт» від ПУМБ: додатковий курс про відкриття власного бізнесу.;neu
417;Для чого жінкам призначають КТ малого таза.;neu
418;Сезон напруги: що стоїть за енергетичною стабільністю влітку;neu
419;Вартість кредиту по-новому: як працює формула реальної річної процентної ставки.;neu
420;Хто насправді формує ціни на ліки в Україні: детальний аналіз;neu
421;Castrol стає офіційним партнером NBA та WNBA;neu
422;Чому було заблоковано і як розблокували домен UKR.NET;neu
423;Castrol представляє спеціалізовану моторну оливу MAGNATEC Hybrid для гібридних автомобілів;neu
424;Як стати активним споживачем на ринку електроенергії і чим це корисно;neu
425;Михайло Радуцький: Зміни у фармацевтичному регулюванні - лише через обговорення;neu
426;Компанія МХП звернулася до Всеукраїнської рекламної коаліції за експертним висновком з приводу ситуації з агенцією Vandog;neu
427;Кропивницьких ліцеїстів познайомили з доїсторичними тваринами, які жили на території України;neu
428;У кропивницькому ветеранському просторі CBOЇ тривають заняття з гончарства;neu
429;Поради Дежпродспоживслужби Кіровоградщини щодо тривалого зберігання овочів та фруктів;neu
430;Результати жеребкування Кубка України: Хлібодар А2 зіграє з легендарним Локомотивом;neu
431;Делегати з Кіровоградщини зустрілися з депутатами групи дружби Франція-Україна;neu
432;Україна оголосила конкурс на ключове родовище літію. Це перший лот в рамках угоди про надра із США;neu
433;На території Кіровоградської області здають в оренду нерухоме майно;neu
434;Найдавніший пиріг спекли 4200 років тому в Стародавньому Єгипті: які інгредієнти використовували;neu
435;На Чернігівщині можна побачити знаряддя давніх ремесел;neu
436;Австрійські науковці з’ясували, чому існування розумного життя у Всесвіті практично неможливе;neu
437;Астрономи довели, що Місяць постійно віддаляється від Землі;neu
438;Шведські науковці визначили точний час, коли на Землі з’явилося життя;neu
439;Небесне шоу для терплячих: коли почнеться покриття Венери Місяцем і як його спостерігати;neu
440;Вчені розповіли, від чого залежить больовий поріг;neu
441;У Монголії виявили найповнішу скам'янілість динозавра з куполоподібною головою;neu
442;У нашому небі відбувається рідкісне зближення трьох космічних об'єктів;neu
443;Учені описали, що станеться, якщо Африка розколеться;neu
444;"Вчені стверджують, що людство переживає ""великий еволюційний перехід"": про що йдеться";neu
445;Полювали на перших людей: вчені знайшли найстрашніших хижаків древності (фото);neu
446;Вчені пов’язали екстремальну спеку з діяльністю нафтової та вугільної індустрії;neu
447;Львів’янина засудили за наїзд на двох поліцейських під час втечі;neu
448;На Львівщині оштрафували авто, яке перевозили на лаветі;neu
449;Обвинувачений у вбивстві Фаріон дніпрянин Зінченко залишиться за ґратами ще два місяці;neu
450;На Львівщині відбудеться фестиваль лемківської пісні та кухні;neu
451;"Чоловік передав ""вітамінний набір"" у моркві в колонію: що там було насправді";neu
452;У центрі Львова малюють лавки;neu
453;На Львівщині побудують потужну птахофабрику;neu
454;У Кривому Розі судитимуть чотирьох учасників організованої групи, яка виготовляла та збувала наркотики;neu
455;Рух під контролем: як світлофори забезпечують порядок на дорогах Дніпра;neu
456;У м. Самар відбудеться щорічний забіг на честь загиблих Героїв російсько-української війни;neu
457;Обрано голову Солонянського районного суду Дніпропетровської області;neu
458;Голову ВЛК на Дніпропетровщині викрили на хабарях;neu
459;Шість бізнесів Дніпра долучилися до створення безбар’єрного маршруту;neu
460;Президент США не знає, чи було падіння дронів у Польщі випадковим;neu
461;Якби Європа щось зробила щодо Китаю, він міг би прискорити припинення війни в Україні, - Трамп;neu
462;"""На столі – масштабні угоди"": Зеленський відреагував на атаку РФ на Україну і заявив про необхідність рішучих дій";neu
463;Росія оскаржила в ООН рішення щодо збиття рейсу MH17;neu
464;Зеленський і Навроцький можуть зустрітися на Генасамблеї ООН у Нью-Йорку;neu
465;Трамп заявив: «Путін мене справді підвів» (ВІДЕО);neu
466;ЄС і Україна обговорять створення «стіни дронів» на східному кордоні;neu
467;У ЄС скличуть переговори щодо «стіни дронів» для захисту від росії. Туди запросили й Україну;neu
468;В ООН заговорили про введення в Україну своїх миротворців;neu
469;"Україну запросили на переговори щодо ""стіни дронів"" в Європі для захисту від Росії";neu
470;Трамп заявив, що не може коментувати падіння російських безпілотників у Польщі (з 18.09);neu
471;"Трамп припустив, що дрони, які залетіли в Польщу, могли ""вивести з ладу""";neu
472;Лінія безпеки Польщі проходить по лінії фронту між Україною та рф - міністр оборони Косіняк-Камиш;neu
473;Трамп визнав, що завершити війну в Україні дуже складно;neu
474;Міністр оборони Польщі прибув з візитом у Київ;neu
475;Від Макса Коржа до Степана Бандери. Чому польські політики ополчилися проти українців;neu
476;Сі Цзіньпін дав Путіну дедлайн щодо України: Трамп описав план кінця війни;neu
477;"""Тривають організаційні кроки"": в ОП сказали, коли запрацює Спецтрибунал для злочинів Росії проти України";neu
478;На полях Генасамблеї ООН відбудеться саміт Кримської платформи;neu
479;Розгляд відкладеного 19-го пакету санкцій проти Росії ЄС здійснить у п'ятницю — ЗМІ;neu
480;Новий німецький посол в Україні розпочав свою роботу;neu
481;Зеленський призначив ще одного суддю КСУ;neu
482;Європарламент відкриє постійне представництво в столиці України;neu
483;Трамп та Зеленський планують зустріч у Нью-Йорку;neu
484;"Зеленський провів зустріч із фракцією ""Слуга народу""";neu
485;Зеленський провів зустріч із депутатами «Слуги народу»: що обговорювали;neu
486;Влада та опозиція посперечалися щодо запізнення нардепів від СН на зустріч з президентом;neu
487;Лубінець: ОАЕ — найактивніший посередник обмінів полоненими між Україною та РФ;neu
488;Коли закінчиться війна: у Кабміні назвали три сценарії;neu
489;Король Чарльз має переконати Трампа посилити тиск на Путіна: деталі;neu
490;Україна очікує на візит польської делегації цього тижня на високому рівні - МЗС;neu
491;Віцепремʼєр Польщі прибув до Києва: підписані угоди про дрони та безпеку;neu
492;Трамп про ключ до завершення війни: чому ціни на нафту змусять Путіна відступити;neu
493;Посли ЄС завтра проведуть додаткове засідання щодо нових санкцій проти Росії — ЗМІ;neu
494;Посли ЄС зберуться на позачергове засідання щодо санкцій проти росії 19 вересня – ЗМІ;neu
495;У Навроцького не виключили зустрічі з Зеленським на полях ООН;neu
496;Трамп промовчав, а Чарльз III заявив про нову загрозу Європі: що говорили лідери про війну в Україні;neu
497;У США цього не приховують: які настрої конгресменів щодо України;neu
498;Умєров обговорив з Головним представником НАТО в Україні підтримку союзників та програму PURL;neu
499;Реалістичний прогноз: в ОП сказали, коли запрацює Спецтрибунал щодо злочину агресії Росії проти України;neu
500;Зеленський обговорив програму Генасамблеї ООН з Еміром Катару;neu
501;Україна в ОБСЄ: Дронами над Польщею та Румунією Росія тестує нашу колективну рішучість;neu
502;Подякував за допомогу та запросив на саміт: Президент обговорив з Еміром Катару повернення українських дітей;neu
503;У Львові абонемент на транспорт доступний у LeoCard;neu
504;У Трускавці до Дня туризму відбудеться безкоштовна екскурсія;neu
505;Краснечанин Іван Дзяйло – чемпіон світу з армреслінгу;neu
506;Біля Високого замку у Львові збудують чотириповерховий житловий будинок;neu
507;Де безплатно закинути вудку біля Львова: локації та пропозиції;neu
508;Колумбійський гурт Los iankovers завітав до Львова та заспівав українських пісень;neu
509;Пластуни Львівщини відкрили новий Пластовий рік;neu
510;У Золочеві відбулося паланкове відкриття пластового року;neu
511;У парку Залізна Вода за кошти інвестора хочуть облаштувати дитячий майданчик;neu
512;У Львові відкрили відреставровану «Віллу Стецкевича»;neu
513;У Дрогобицькій громаді відремонтували частину дороги Снятинка – Рихтичі;neu
514;Ціни на оренду квартир у Львові у вересні 2025 (інфографіка);neu
515;У Львові обговорять євроатлантичну інтеграцію;neu
516;У Львові представили модель підводного дрона TOLOKA;neu
517;У Львові під ключ ремонтують маршрутки;neu
518;Андрій Кузнік більше не очолює Львівську митницю;neu
519;Начальника Львівської митниці звільнили з посади;neu
520;Львівський міжнародний BookForum опублікував цьогорічну програму;neu
521;В Шептицькому на Львівщині тривають заходи Олімпійського тижня-2025;neu
522;Львівська область очолила рейтинг покупок електромобілів в Україні;neu
523;Даша Соловйова з Львівщини здобула премію на «Червоній руті»;neu
524;Різні види допомоги на Львівщині 23-26 вересня: що можна отримати і куди звертатися;neu
525;Андрій Садовий: Проблема українських політиків у тому, що вони хочуть і слави, і грошей;neu
526;У Львові відбулась сесія міськради: що прийняли;neu
527;У Самборі відкрили культурно-спортивний простір для молоді;neu
528;У Львові на колишньому сміттєзвалищі облаштовують поле для гольфу;neu
529;Митний пост «Львів-поштовий» обробляє понад 3 млн. міжнародних відправлень щомісяця;neu
530;У Львові цього тижня зрізатимуть дерева: адреси;neu
531;Володимир Сивохіп більше не очолює Львівську філармонію;neu
532;Що подивитися у Львові — локації для одноденної екскурсії;neu
533;Колись тут було шість готелів. Чи стане вулиця у центрі Львова пішохідною назавжди;neu
534;На Львівщині встановили кулінарний рекорд;neu
535;У Самборі за 7,5 млн грн відкрили «Центр життєстійкості» — уже 18-й на Львівщині;neu
536;"Де розташований палац на Львівщині, який був серцем ""лісової імперії""";neu
537;На Львівщині відкрили культурно-спортивний простір для студентів і громади;neu
538;Львів завершує другу фазу рекультивації Грибовицького полігону;neu
539;Букерівські лауреати і книжкові закупи: Lviv BookForum оголосив програму фестивалю;neu
540;На Львівщині встановили два оригінальні рекорди у мистецтві вишивки – світовий та національний;neu
541;TAYANNA виконала Гімн України на відкритті Defense Tech Valley 2025 у Львові;neu
542;На Львівщині встановили рекорд України: спекли найдовший яблучний пляцок;neu
543;"Великий come back: Фестиваль ""Червона рута"" відбувся у Львові і оголосив переможців";neu
544;Купол Грибовицького полігону засіяли травами: у Львові завершують другу фазу рекультивації;neu
545;У Львові відбувся гала-концерт переможців фестивалю «Червона рута-2025»;neu
546;Львівські фахівці подарували однорічній дівчинці із Рівненщини можливість чути;neu
547;У Львові завершили укріплення мосту на вулиці Сяйво;neu
548;У Львові відремонтували міст на Левандівці майже за 10 млн грн;neu
549;Завтра трамваї тимчасово не курсуватимуть до Сихівського району Львова;neu
550;На Львівщині хочуть встановити меморіальну дошку Кузьмі Скрябіну;neu
551;У Львові через реконструкцію електромереж зміниться рух трамваїв;neu
552;Мешканець Львівщини намагався ввезти в Україну електронні сигарети на понад 1,8 млн грн;neu
553;На Львівщині майже 800 абонентів залишиться без газу на день: адреси;neu
554;Як обрати житло у Львові та на що варто звертати увагу;neu
555;Мешканці низки вулиць у Дрогобичі та Бродах тимчасово будуть без газу;neu
556;У Львові відновили віллу початку XX століття: там буде простір для дітей і молоді;neu
557;У Львові відбулася конференція про чесько-українську культурну співпрацю — ключові меседжі;neu
558;Жовква відзначила День міста;neu
559;У центрі Львова не курсують трамваї;neu
560;У Львові презентують проект терапевтичного скверу для онкопацієнтів;neu
561;У Львові перекриють Липову алею;neu
562;На кордоні з Польщею виявили препарати для схуднення та парфуми Chanel;neu
563;Перші черги логістичного парку Peretyn з інвестиціями 1,3 млрд грн будуть введені до кінця року – девелопер;neu
564;Куди піти з дитиною у Львові: програма Тижня позашкілля 2025;neu
565;Ректорка Львівської політехніки розповіла про відтік студентів та викладачів за кордон;neu
566;На Львівщині тимчасово відключатимуть газ у кількох районах: оприлюднили графік;neu
567;У Львові для проїзду на два дні перекриють одну з вулиць: схема об’їзду;neu
568;Вечір біля моря у Львові: як бердянці зберігають пам’ять про рідне місто;neu
569;Українці в Кремнієвій долині об’єдналися у наукове і технологічне товариство;pos
570;Нова стратегія захисту від «Шахедів»: Шмигаль розповів про масштабний план;pos
571;3 армійський корпус: ситуацію на Лиманському напрямку вдалося частково стабілізувати;pos
572;Собака придумав, як уникнути спілкування з чужими людьми;pos
573;І знову таємничий капелюх: Меланію Трамп жартома порівнюють з Klavdia Petrivna;pos
574;Ціни на нафту практично не змінилися після зниження ставки Федрезервом США;pos
575;На Волині чоловік хотів відкупитися від ТЦК — як його покарав суд;pos
576;42-річному львів’янину виписали штраф за чіпляння до хлопчиків у маршрутці;pos
577;Чотирьох криворіжців судитимуть за виготовлення та збут наркотиків;pos
578;У Харкові житимуть 2,5 мільйона людей – прогноз Терехова;pos
579;Завтра в центрі Харкова оброблятимуть дерева від шкідників;pos
580;За 8 місяців Харківська митниця видала майже 3 тисячі сертифікатів EUR.1;pos
581;Домашні рослини, які сприятливо діють на нервову систему;pos
582;Чому сливи мають бути в раціоні: топ-5 переваг для здоров'я;pos
583;Квітникарі розповіли, як виростити герань із живця у вересні;pos
584;Садівники пояснили, чим слід удобрити грядки на городі у вересні-2025 року;pos
585;Городники розповіли, як приготувати ефективне універсальне добриво;pos
586;Експерти розповіли, як легко боротися з мурахами на ділянці;pos
587;Олександра Олійникова - у чвертьфіналі змагань WTA в Італії;pos
588;Валлін повертається на ринг у листопаді після поразки від Чісори;pos
589;У черкаській школі спортивно-інклюзивний захід зібрав понад 50 учасників із різних куточків України;pos
590;Чому у Moneyveo кредити вигідніше, ніж у конкурентів.;pos
591;UniCup™ від Univest: перший стакан без пластику в Україні;pos
592;Що робити, якщо затримують зарплату: як мікропозика від Є-Гроші допомогає уникнути фінансового стресу.;pos
593;«Перший столичний хлібозавод» запускає нову лінію з виробництва тостового хліба з інноваційною технологією.;pos
594;Українські самоцвіти підкорюють столицю: виставку-продаж Stone Universe подовжено;pos
595;Майбутнє тут: Samsung та Цитрус представили нову лінійку Galaxy S25;pos
596;Найкращий ювелірний бренд України – Київський ювелірний завод святкує 88-річчя;pos
597;Moneyveo – лідер за приростом активів серед приватних фінкомпаній за версією АУБ;pos
598;"Гендиректор ""НЕСТ"": Девелоперський бізнес - це передусім відповідальність перед людьми";pos
599;Ремонтні комплекси LOCKER - новий погляд у відновленній техніки на фронті;pos
600;"Ботанічну пам'ятку природи ""Мала Асканія-Нова"" створять на Кіровоградщині: що там росте";pos
601;На Кіровоградщині засудили чоловіка, який палив авто військових;pos
602;Екосквер до Дня міста з'явився у Кропивницькому;pos
603;Антрополог розшифрував найзагадковіше послання майя;pos
604;Астероїд пролітає поблизу Землі- безпека підтверджена;pos
605;Ми схожі. Учені знайшли давні генетичні корені соціальної поведінки в бджіл та людей;pos
606;Львівські реставратори отримали цінний дарунок від польських колег – професійний дубляжний стіл;pos
607;У Львові 18-річний студент створив чат-бот, який вчить дітей молитися і підтримує їх;pos
608;У Мостиськах триває реконструкція пішохідного моста;pos
609;Сьогодні у Червоногригорівській громаді роздадуть хліб;pos
610;Вночі сили ППО на Дніпропетровщині збили 8 безпілотників: подробиці;pos
611;Письменниця з Кам’янського Яна Ловчинська приєдналася до ЗСУ;pos
612;У Дніпрі планують звести нову мережу водовідведення на Севастопольській;pos
613;США готові сприяти забезпеченню миру після війни Росії проти України — Трамп;pos
614;Трамп розчарований Путіним, але вірить, що вдасться знайти рішення щодо війни в Україні;pos
615;Трамп назвав спосіб змусити Путіна завершити війну;pos
616;Тімоті Шаламе офіційно став найдорожчим молодим актором Голлівуду;pos
617;Іван Люленов розповів, як швидко опанував українську мову;pos
618;Донька Лієв Шрайбера та Наомі Воттс відкрила показ на Тижні моди в Нью-Йорку: шоу відвідала горда матуся (фото);pos
619;Шерон Стоун знялася у гарячій рекламній фотосесії;pos
620;«Оце неочікувано!»: Артем Пивоваров та Ziferblat заспівали разом та назвали дату прем’єри нового хіта;pos
621;Карді Бі вчетверте вагітна;pos
622;MamaRika показала, якою була в дитинстві;pos
623;2,5 мільярда гривень на рік заощаджують ФОП на рік у «Дії» — Мінцифри;pos
624;5G в Україні: коли чекати запуск і в яких містах;pos
625;Харківський театр опери та балету представив цифровий перформанс «Казкові світи України»;pos
626;На випадок морозів: представлена перша у світі зарядна станція на натрій-іонних батареях;pos
627;В Армія+ з’явилися нові функції для військових — деталі;pos
628;Житомир долучився до Європейського тижня мобільності;pos
629;У Житомирській ОВА відбулася нарада щодо організації роботи з внутрішньо переміщеними особами;pos
630;У Житомирі на Книжковому форумі відбудеться зустріч з Марією Матіос;pos
631;Коростенець став лауреатом Всеукраїнської літературної премії імені Михайла Коцюбинського;pos
632;Коломия отримає майже 40 мільйонів на заміну водопроводу.;pos
633;На Прикарпатті підрахували, що в минулому році спортом займалися 154 тисячі осіб;pos
634;Від простого механіка до пілота FPV-дронів: Історія прикордонника на псевдо “Кінг”;pos
635;"Франківськ зібрав неонатологів з усієї України для обговорення допомоги передчасно 
народженим немовлятам";pos
636;В Івано-Франківську для поранених захисників організували відпочинок на природі;pos
637;У Долинській громаді дозволили дискотеки і збирають там кошти на благодійність;pos
638;«Це унікальний рекорд»: підлітки станцювали «Гуцульську ватрицю» на вершині Говерли;pos
639;Студентки Карпатського університету отримуватимуть президентські стипендії;pos
640;“Ми закохалися в трьох дівчаток”: в Івано-Франківську відзначали день усиновлення. Історія родини;pos
641;Король Великої Британії під час зустрічі з президентом США заявив про підтримку України;pos
642;Король Чарльз ІІІ під час зустрічі з Трампом згадав про підтримку України та захист довкілля;pos
643;На 45% вища точність. Штучний інтелект навчився передбачати сонячні бурі за кілька днів до початку;pos
644;У Бєлгородській області ударним дроном поранено окупанта;pos
645;ЗСУ відбили масовану атаку дронів вночі 18 вересня;pos
646;Хочеш їсти – грай: у США випустили годівницю-піаніно для котів;pos
647;Україна посіла 26-те місце серед 60 найбільших світових економік за репутацією, – дослідження Brand Ukraine;pos
648;В Одесі виділили мільйон на проєкт реконструкції потенційного парку імперського минулого;pos
649;Коти, війна і культура: у Чехії показали одеський комікс про збереження спадщини;pos
650;В Роздільній провели трансплантацію серця і нирок;pos
651;На Одещині юні дівчата ламають стереотипи щодо суто жіночих чи чоловічих професій;pos
652;Матчі Кубка України з хокею пройдуть в Одесі;pos
653;Удар ССО України по хабу морпіхів РФ у Курській області: як одна ніч змінює весь тил Росії;pos
654;У Польщі масово перевіряють укриття: виділять 5 млрд на адаптацію;pos
655;У Києві викрили мережу підпільних гральних залів;pos
656;На Дніпропетровщині спалахнула квартира: врятовано трьох людей;pos
657;У Павлограді вночі горіла квартира: врятували трьох людей;pos
658;ХОВА прийняла участь у створенні Асоціації прифронтових міст і громад;pos
659;Епічне кіно за участю українських дронів та російських окупантів зняли у Вовчанську;pos
660;«Ми є, і ми працюємо»: історія харківської спільноти ліквідаторів ЧАЕС;pos
661;Запобігти дефіциту вітаміну D допоможуть доступні продукти;pos
662;Ви про це не здогадувалися: дієтологи поділилися способом оздоровлення раціону;pos
663;7 продуктів, які знижують ризик раку ротової порожнини: поради експертів;pos
664;5 популярних способів прибрати живіт, які працюють гірше, ніж здається;pos
665;Користь сліз для психічного здоров'я;pos
666;Корисна риба, яка коштує копійки: чому її потрібно включити до свого раціону;pos
667;Пасинкування кукурудзи може мати корисний ефект — розповів аграрій;pos
668;Як готувати полуницю до зими: корисні поради;pos
669;Американський варіант сівозміни: як зробити органічне виробництво економічно вигідним;pos
670;Британський офтальмологічний центр та Німецька очна клініка пропонують киянам найпередовіші технології лікування катаракти.;pos
671;Зелена п'ятниця, «привіт»! Приват24 додає яскравих кольорів у день шопінгу.;pos
672;Новий спортмайданчик збудували у Новій Празі на Кіровоградщині;pos
673;Лісовий масив на Кіровоградщині повернули у державну власність;pos
674;"Сонце відправило ""валентинку"": на зірці з'явилося серце, і воно в кілька разів більше за Землю (фото)";pos
675;У Чорнобильському заповіднику помітили лебедя;pos
676;Потепління не впливає. Дослідники з’ясували, що ґрунт сам по собі не виділяє більше CO₂;pos
677;Еволюція страху: як коти навчились захищатись від змій;pos
678;Львівська спортсменка стала чемпіонкою світу;pos
679;Осінь у Львові: атмосферні фото;pos
680;Зніми рожеві окуляри: у Львові стартувала кампанія з протидії насильству;pos
681;В шкільні уроки фізкультури на Львівщині включать теніс;pos
682;Фасували у сліп-пакети: на Дніпровщині викрили групу наркоторговців;pos
683;Україна скоро почне застосовувати до 1000 дронів-перехоплювачів на добу, - міністр;pos
684;Тиск Трампа спрацював: ЄС планує якнайшвидше відмовитися від російського скрапленого газу – Bloomberg;pos
685;Вторинні санкції стануть пострілом у десятку для тиску на Росію, — Науседа;pos
686;У Трампа вперше схвалили пакет озброєння Україні: експерт припустив, що вплинуло на лідера США;pos
687;Я люблю Україну – Трамп у відповідь на запитання про системи Patriot;pos
688;Репарації з Росії: Україна створює механізм, який дозволить стягнути гроші з агресора;pos
689;Зеленський ратифікував сторічну угоду про партнерство з Великою Британією;pos
690;ЗСУ зривають плани ворога на Донеччині: Зеленський розповів про успіхи на фронті;pos
691;Оборонний форум у Гаазі посилить стратегічне партнерство України та Нідерландів;pos
692;Король Чарльз III на бенкеті з Трампом: «Стоїмо разом на підтримку України проти тиранії»;pos
693;"Король Чарльз III ""м'якою силою"" схиляє Трампа на бік України, – CNN";pos
694;"Король Чарльз III ""м’якою силою"" намагається переконати Трампа посилити тиск на Путіна, - CNN";pos
695;Чарльз III на урочистій вечері з Трампом виступив за єдність у підтримці України;pos
696;Король Чарльз III під час вечері з Трампом закликав союзників підтримати Україну;pos
697;Велика Британія і союзники стоять на боці України – Чарльз III;pos
698;Астероїд пролітає поблизу Землі - безпека підтверджена;pos
699;В Україні вже збивають російські «Шахеди» за допомогою штучного інтелекту: Кім заявив про перші вдалі випадки;pos
700;У Запорізькій області внаслідок диверсії ліквідовано 18 російських офіцерів;pos
701;В ніч на 19 вересня над Дніпропетровщиною ліквідували безпілотники окупантів;pos
702;У Черкаській області знищили два російські БпЛА;pos
703;Генштаб: За добу росіяни втратили понад тисячу військових;pos
704;Наші воїни підірвали склади і зброю російських морпіхів на Курщині (відео);pos
705;ППО ліквідувала 71 ворожий безпілотник з 86, - Повітряні сили;pos
706;Росія втратила понад 1,1 мільйона солдат: нові дані Генштабу на 19 вересня;pos
707;Захисники неба знищили та подавили 48 ворожих дронів;pos
708;Російські війська за 24 години зазнали втрат у 900 особового складу на фронтах України;pos
709;Втрати окупантів: За добу мінус 930 загарбників;pos
710;Собака, що приймає ванну, розвеселив YouTube;pos
711;Японці в захваті від Магучіх: відео зі «сплячою» українкою стало хітом у мережі;pos
712;Російські пропагандисти похизувалися «здутим» Су-33 на навчаннях «Захід–2025»;pos
713;Сторожовий пес поділився з бездомним котом їжею та підкорив Мережі;pos
714;Мережі насмішило кошеня, що вміє розслаблятися;pos
715;Мережі розчулили кошенята, що засинають тільки разом;pos
716;Папуга у Новій Зеландії мимоволі став відеоблогером, вкравши камеру;pos
717;Кішки вигадали веселу гру з рисоваркою;pos
718;25 кілограмів золота та загадковий перстень: два підлітки знайшли найбільший скарб України;pos
719;Кумедний котик думає, що саме йому купили бігову доріжку: відео, яке мотивує до спорту;pos
720;Прикол дня: папуга виконав хіт Бейонсе;pos
721;Мережу насмішив ведмідь, який вирішив подрімати в гардеробі житлового будинку;pos
722;Кішка отримала роботу в банку та навчилася вилазити через вузьке віконце;pos
723;Кіт-охоронець: як пухнастик захищає кукурудзу від птахів;pos
724;Мережу насмішив доброзичливий кіт, що вирушив на «полювання»;pos
725;Дівчина опублікувала відео, як її 80-річна бабуся обирає весільну сукню. І воно підкорило користувачів мережі;pos
726;Індіанець із блискавичною швидкістю випив сік і встановив новий рекорд: за скільки він впорався;pos
727;Одеський гумор: момент у кіно та цікавий факт про вівсянку;pos
728;Прикол дня: папуга виконав хіт Бейонсе;pos
729;В Україні працюють 25 іноземних оборонних компаній;pos
730;Резолюцію з вимогою до Росії повернути ЗАЕС під контроль України ухвалили в МАГАТЕ;pos
731;Росія та Білорусь не змогли отримати місця: Україну обрали до керівних органів Всесвітнього поштового союзу;pos
732;В Україні поголів’я свиней зросло до 4,82 млн завдяки промисловому сегменту;pos
733;Українську харчову індустрію вперше презентували у США — подробиці;pos
734;МБРР надав $88 млн. кредиту для підтримки малих і середніх підприємств;pos
735;ЮНІСЕФ виділить 65 мільйонів доларів для підтримки українців узимку;pos
736;Україна випускатиме 1000 дронів-перехоплювачів на добу вже найближчим часом - Шмигаль;pos
737;Будівельний бум: на Львівщині заплановано збудувати на 65% більше житла, ніж торік;pos
738;УЗ відновила живлення на пошкодженій ділянці;pos
739;Одещина зібрала понад 3 млн тонн зерна попри війну та посуху;pos
740;АТБ увійшов до переліку бізнесів з найкращим рівнем дотримання податкового законодавства;pos
741;На Львівщині під час першого візиту Посла Кореї домовилися про інвестиції у регіон;pos
742;Укрпошта придбає рекордну кількість нової техніки до кінця 2025 року;pos
743;Верховна Рада спростила ввезення транспорту та обладнання для гуманітарних потреб;pos
744;«35 тонн з гектара»: на Рівненщині фермер збирає високі врожаї картоплі та планує овочесховище на 10 тис. тонн;pos
745;"Компанія Fire Point нарощує виробництво ракет ""Фламінго""";pos
746;До Дністровського лиману планують випустити цінні види риб загальною вагою понад 28 тонн;pos
747;«Сьома» виплата: переселенцям додадуть ще 2 000 грн;pos
748;Корея виділить 2,1 млрд доларів на швидкісні поїзди для України: деталі угоди;pos
749;На Одещині відкрили унікальний лабіринт із мушель рапанів, який встановив рекорд України;pos
750;Спортсмени з Одеси здобули «золото» та «срібло» на чемпіонаті України з греплінгу та панкратіону;pos
751;Одеська міськрада виділила додаткові гроші для дітей-сиріт;pos
752;На Одещині зникають радянські назви вулиць — скільки залишилося;pos
753;У Визирській СТГ обговорили можливість будівництва житлової забудови для переселенців із Соледарської громади (фото);pos
754;Одеський виконком запланував компенсації постраждалим від війни та підтримку лікарень;pos
755;В Одесі цієї осені висадять 10 тисяч кущів хризантем;pos
756;В Одеському ботсаду відбудеться Jazz Botanic Fest;pos
757;В трьох країнах Європи затримали людей через звинувачення в шпигунстві на користь росії: чим вони займалися;pos
758;США схвалили продаж Польщі протитанкових ракет Javelin на $780 мільйонів;pos
759;Сили спецоперацій уразили логістичний хаб морської піхоти РФ у Курській області;pos
760;“Історичний день для всієї Європи”: робітники завершили тунель найдовшої залізничної підземної магістралі у світі;pos
761;Росія втратить трильйони рублів через зміну клімату;pos
762;Під тиском Трампа ЄС планує пошвидше відмовитися від російського газу – Bloomberg;pos
763;Наші воїни підірвали склади і зброю російських морпіхів на Курщині (відео);pos
764;У Хмельницькому під час пожежі врятували чоловіка;pos
765;На Кіровоградщині знайшли 35-річну жінку, яка зникла у вівторок;pos
766;CБУ викрила агентурну мережу фсб, яка «зливала» рашистам дані про систему оборони на Донеччині та Дніпропетровщині;pos
767;На Дніпропетровщині рятувальники з автодрабиною витягли трьох людей з палаючої квартири;pos
768;На Київщині викрито двох китайців та українку, які утримували в рабстві громадян Узбекистану;pos
769;Нелегальний бізнес на комунальній землі: прокуратура зупиняє незаконну забудову у Києві;pos
770;У Чехії судять водія трамвая, який принизив українську родину з дитиною;pos
771;Судді-перебіжчики з Криму отримали по 11 та 12 років в'язниці;pos
772;Жителі Харківської області отримають одноразову грошову допомогу;pos
773;Енергетики відновили електропостачання споживачам Дергачівської громади;pos
774;Харківський спортсмен здобув медаль на престижному турнірі в Угорщині;pos
775;У ЦНАПах Харкова з'явилася нова можливість для бізнесу;pos
776;Блогерка Верба показала перші кроки своєї доньки: миле відео;pos
777;Мадонна анонсувала вихід нової музики;pos
778;Джастін і Гейлі Бібер поділилися сімейними цінностями та правилами для щастя;pos
779;Кіно об’єднує: як у КВЦ Парковий презентували нові фільми та стратегії індустрії;pos
780;"Новий історичний корейський серіал ""рве"" усі топи Netflix";pos
781;"HBO назвав дату прем'єри популярного серіалу ""Ейфорія"" з нереальною Зендеєю: що відомо";pos
782;"""Наповнююсь теплом і сяйвом"" - ексдружина Остапчука натякнула на нові стосунки";pos
783;Леся Нікітюк виклала романтичне фото з коханим;pos
784;Леся Нікітюк показала солодкі обійми з коханим;pos
785;В Україні вже збивають російські «Шахеди» за допомогою штучного інтелекту: Кім заявив про перші вдалі випадки;pos
786;На 45% вища точність. Штучний інтелект навчився передбачати сонячні бурі за кілька днів до початку;pos
787;Медичні сповіщення пацієнтам тепер надходитимуть і через Дію;pos
788;Gemini впорався із завданням, яке поставило в глухий кут 139 команд програмістів;pos
789;Діти захисників України опанували ази кібербезпеки в таборі у Франції;pos
790;ШІ змінює біологію: OpenAI та Retrobio розробляють білки для омолодження клітин;pos
791;Волиняни можуть проконсультуватися щодо протезування в онлайн-боті;pos
792;ІТ-освіта для Захисників: держава надає ваучери на навчання;pos
793;Революційна система безпеки: інженери придумали спосіб, як вижити в авіакатастрофі;pos
794;Відеоігри можуть стимулювати розвиток мислення у дітей - дослідження;pos
795;Яскраво, патріотично, емоційно: День студентського спорту в Бердичівському медичному коледжі;pos
796;У Звягелі відбулося свято танцю та життєлюбства для людей поважного віку;pos
797;Спортсмени з Житомирської області у складі збірної вибороли 24 медалі на чемпіонаті світу з пара-армреслінгу;pos
798;Бердичівський «Фенікс» став віцечемпіоном України з хокею;pos
799;Гордість Поліського університету: студенти отримають іменні стипендії Верховної Ради України;pos
800;Організаторка форуму «Відсіч»: Житомир має шанс стати літературною столицею цієї осені;pos
801;На Житомирщині відзначили 26 переможців МАН — рекорд за останні п’ять років;pos
802;Оновлена їдальня в Овруцькому ліцеї: ремонт профінансують за підтримки ЄС;pos
803;Виставка дитячих малюнків у Житомирі: як дітлахи бачать своє місто;pos
804;Цитрусові зміцнюють кровоносні судини та запобігають утворенню тромбів;pos
805;Шоколад здатен захищати від ішемічної хвороби серця;pos
806;6 ефективних вправ для преса та здорової спини;pos
807;Вчені створили крем, який прибирає шрами;pos
808;Чай може підвищувати стійкість зубів до кислот — дослідження;pos
809;Як зробити бутерброди кориснішими;pos
810;Цей овоч стирає зморшки з обличчя: його потрібно їсти щодня;pos
811;Ці тренування можуть поліпшити здоров'я нервів і уповільнити процес старіння;pos
812;Названо недорогий овоч, який може допомогти зберегти молодість;pos
813;"Центри життєстійкості: у 2025 році на Івано-Франківщині допомогу отримали понад 
24 тисячі осіб";pos
814;Калуська громада увійшла до числа переможців програми Polaris;pos
815;З початку 2025 року більше 100 дітей знайшли нову сім’ю на Прикарпаття;pos
816;Рекорд народжуваності в Івано-Франківську: за добу народилося 20 немовлят;pos
817;Дуже задоволений, – Гвардіола оцінив перемогу Манчестер Сіті над Наполі;pos
818;Побито рекорд Ліги чемпіонів, який тримався 25 років;pos
819;Циганик: Я дуже тішуся за Богдана Попова;pos
820;Це перший крок, – Флік похвалив Рашфорда після дублю у ворота Ньюкасла;pos
821;Барселона вперше за два десятиліття розпочала Лігу чемпіонів із виїзної перемоги;pos
822;Фоден визнаний найкращим гравцем матчу ЛЧ «Манчестер Сіті» – «Наполі»;pos
823;Холанд – найшвидший гравець в історії ЛЧ, який досяг 50 голів;pos
824;«Він виглядав гарно». Журналістка BBC оцінила дебют Зінченка за новий клуб;pos
825;"Підходимо до матчу з Арсеналом у гарному настрої"": Гвардіола пояснив, чому захоплюється італійськими командами";pos
826;Відома біатлоністка отримала престижну нагороду в Німеччині;pos
827;Шахтар покращив пропозицію щодо Мека. Наразі дають вже 17 млн євро;pos
828;Підприємці Вінниччини отримали відзнаки обласної військової адміністрації;pos
829;Аптечні заклади дослідовні у своїй позиції та готові знизити ціни на визначений МОЗ перелік життєво необхідних ліків;pos
830;"Український криголам ""Ноосфера"" витісняє російські судна з Антарктиди";pos
831;Допомогти військовим відновити сили та зігрітися: триває проєкт лінії магазинів EVA та фонду Dignitas;pos
832;1,8 млн грн для бездомних тварин зібрали у рамках кампанії «Лапка турботи»;pos
833;Профспілка освітян столиці передала 100 дронів для ЗСУ;pos
834;Кіровоградщина отримає 54,8 млн грн у межах кредитної програми відновлення України;pos
835;Демократія - влада народу: у кропивницькій книгозбірні провели інформаційно-патріотичний захід;pos
836;Понад 2,6 млн грн у Кропивницькому витратять на відновлення доріг після ремонту тепломереж;pos
837;Центральноукраїнський науковий ліцей увійшов до трійки кращих загальноосвітніх шкіл Кіровоградщини;pos
838;"""Героєм-рятувальником року"" став Віталій Солонько з Кіровоградщини: чоловік врятував з пожежі двох жінок";pos
839;Вчені випробували робота для очищення морського дна від сміття;pos
840;"Вчені знайшли новий вид коралів, схожий на персонажа ""Зоряних війн"" (фото)";pos
841;Китайські науковці довели, що лід може стати невичерпним джерелом чистої енергії;pos
842;"Тепер їм треба обрати імена: на станції ""Вернадський"" поділилися милими фото новонароджених тюленів";pos
843;Новий метод. Японські вчені створили новий матеріал для біорозкладного пластику;pos
844;"""Теорія п'яної мавпи"" підтверджена: чому люди полюбили алкоголь";pos
845;Восьминоги довели здатність мислити як маленькі діти;pos
846;Пошуки у темряві: як небайдужа сусідка врятувала заблукалого 87-річного грибника на Дрогобиччині;pos
847;Де біля Львова розташована одна з найкрасивіших інстаграмних локацій для осінніх фото;pos
848;У Павлограді вночі горіла квартира: врятували трьох людей;pos
849;Від інтернатів до сімей: Дніпропетровщина змінює життя дітей через усиновлення;pos
850;Суд у Дніпрі: готель виплатить компенсацію родині за зіпсований відпочинок;pos
851;Вогнеборці врятували трьох людей на пожежі у Павлограді;pos
852;Криворіжець завоював медаль на Чемпіонаті світу з армрестлінгу;pos
853;ЄС готовий до остаточної відмови від російських енергоресурсів заради миру в Європі (ВІДЕО);pos
854;Білий дім підтвердив нову допомогу для України, — ЗМІ;pos
855;У першому пакеті допомоги PURL для України будуть ракети Patriot і HIMARS;pos
856;Україна отримала від Латвії чергову партію БТР “Patria”;pos
857;США виділяють $2 млрд на постачання ШІ-дронів для України;pos
858;Німеччина закупить дрони для Сил оборони та передасть спецавто для Києва – Кличко;pos
859;Шмигаль: Україна скоро збільшить запуск дронів-перехоплювачів до 1000 на добу;pos
860;"ЄС готує план ""репараційного кредиту"" для України за рахунок російських активів, - Reuters";pos
861;Польща та Україна зміцнюють співпрацю: про що домовилися міністри оборони двох країн;pos
862;Трамп: США продадуть країнам НАТО багато зброї для підтримки України;pos
863;Україна отримала першу зброю від США, оплачену НАТО – Суспільне;pos
864;Україна отримала першу американську зброю за гроші союзників;pos
865;Частина озброєння від США на кошти НАТО вже в Україні, ще більше пакетів – у дорозі – ЗМІ;pos
866;Рада Європи зробила крок до створення механізму компенсацій за агресію рф;pos